ID,power
V0599,1.7426532
V1299,1.2693867
V2599,1.7153024
V2699,3.8862498
V3399,0.4215262
V3699,0.2268809
V3799,0.4256205
V1236,1.2358656
V2526,0.8088408
