ID,power
M0912,0.3107748
M0999,0.3015763
M1299,0.1257391
