Tag,Decode,Total_generation,Token_generation
posit32es2,235.538526,8234.641288,257.33254
fp32vsposit32es2,float32,custom[posites2]32,1.205678,941.177118,0.197464,237.039081,6.121387,7348.211501,8301.400815,8300.195134,259.418775,259.381098,2.782549,5.040529,12.5,32
fp32vsposit32es2,float32,custom[posites2]32,0.755143,938.531532,0.202729,229.508139,3.040929,3442.622089,3.796072,4381.153621,0.237255,273.822101,2.029957,3.79182,25.0,16
fp16,3.013014,102.646834,3.207714
fp32vsposit32es2,float32,custom[posites2]32,0.753812,918.359674,0.180346,235.242821,2.705184,3528.642318,3.458996,4447.001992,0.216187,277.937624,2.029957,3.79182,25.0,16
fp32vsmixed,float32,float32,0.915395,5.551196,0.364823,1.447505,5.472341,21.712582,6.387736,27.263777,0.399233,1.703986,0.009089,0.015743,100.0,16
fp32vsfp16,float32,float32,0.874596,6.499074,0.408988,1.995293,6.134824,29.929399,7.00942,36.428473,0.438089,2.27678,2.392409,4.467823,12.5,16
